file,report_date,cusip,maturity_date,fair_value
usdc_2023-01.pdf,"JANUARY 17, 2023",912796XS3,01/19/23,324962950.0
usdc_2023-01.pdf,"JANUARY 17, 2023",912796ZL6,01/24/23,4138167556.0
usdc_2023-01.pdf,"JANUARY 17, 2023",912796ZM4,01/31/23,787799142.0
usdc_2023-01.pdf,"JANUARY 17, 2023",912796XT1,02/02/23,1231845436.0
usdc_2023-01.pdf,"JANUARY 17, 2023",912796ZT9,02/07/23,4539298400.0
usdc_2023-01.pdf,"JANUARY 17, 2023",912796XZ7,02/09/23,398952400.0
usdc_2023-01.pdf,"JANUARY 17, 2023",912796ZU6,02/14/23,4657602465.0
usdc_2023-01.pdf,"JANUARY 17, 2023",912796YA1,02/16/23,398618800.0
usdc_2023-01.pdf,"JANUARY 17, 2023",912796Y60,02/21/23,1792614600.0
usdc_2023-01.pdf,"JANUARY 17, 2023",912796T33,02/23/23,1767083500.0
usdc_2023-01.pdf,"JANUARY 17, 2023",912796Y78,02/28/23,109447250.0
usdc_2023-01.pdf,"JANUARY 17, 2023",912796Y86,03/07/23,3926513300.0
usdc_2023-01.pdf,"JANUARY 17, 2023",912796YK9,03/09/23,2981397000.0
usdc_2023-01.pdf,"JANUARY 17, 2023",912796Z69,03/14/23,1886996400.0
usdc_2023-01.pdf,"JANUARY 17, 2023",912796U31,03/23/23,595275600.0
usdc_2023-01.pdf,"JANUARY 17, 2023",912796YN3,04/06/23,1980640000.0
usdc_2023-01.pdf,"JANUARY 17, 2023",912796YU7,04/13/23,2473452500.0
usdc_2023-01.pdf,"JANUARY 31, 2023",912796XT1,02/02/23,1233863026.0
usdc_2023-01.pdf,"JANUARY 31, 2023",912796ZT9,02/07/23,4546842300.0
usdc_2023-01.pdf,"JANUARY 31, 2023",912796XZ7,02/09/23,399628800.0
usdc_2023-01.pdf,"JANUARY 31, 2023",912796ZU6,02/14/23,4665784888.0
usdc_2023-01.pdf,"JANUARY 31, 2023",912796YA1,02/16/23,399288800.0
usdc_2023-01.pdf,"JANUARY 31, 2023",912796Y60,02/21/23,3446549070.0
usdc_2023-01.pdf,"JANUARY 31, 2023",912796T33,02/23/23,1770179100.0
usdc_2023-01.pdf,"JANUARY 31, 2023",912796Y78,02/28/23,109632820.0
usdc_2023-01.pdf,"JANUARY 31, 2023",912796Y86,03/07/23,3933327050.0
usdc_2023-01.pdf,"JANUARY 31, 2023",912796YK9,03/09/23,2986608000.0
usdc_2023-01.pdf,"JANUARY 31, 2023",912796Z69,03/14/23,1890365100.0
usdc_2023-01.pdf,"JANUARY 31, 2023",912796Z77,03/21/23,2493966072.0
usdc_2023-01.pdf,"JANUARY 31, 2023",912796U31,03/23/23,596277000.0
usdc_2023-01.pdf,"JANUARY 31, 2023",912796Z85,03/28/23,789531195.0
usdc_2023-01.pdf,"JANUARY 31, 2023",912796YN3,04/06/23,1984076000.0
usdc_2023-01.pdf,"JANUARY 31, 2023",912796YU7,04/13/23,2477725000.0
usdc_2024-01.pdf,"JANUARY 11, 2024",912797GD3,01/18/24,670299096.0
usdc_2024-01.pdf,"JANUARY 11, 2024",912797JA6,01/23/24,249598385.0
usdc_2024-01.pdf,"JANUARY 11, 2024",912796ZY8,01/25/24,36201042.0
usdc_2024-01.pdf,"JANUARY 11, 2024",912797GE1,02/01/24,997077780.0
usdc_2024-01.pdf,"JANUARY 11, 2024",912797JC2,02/06/24,2391225000.0
usdc_2024-01.pdf,"JANUARY 11, 2024",912797GM3,02/08/24,730280530.0
usdc_2024-01.pdf,"JANUARY 11, 2024",912797JD0,02/13/24,81333715.0
usdc_2024-01.pdf,"JANUARY 11, 2024",912797GN1,02/15/24,646775552.0
usdc_2024-01.pdf,"JANUARY 11, 2024",912796Z28,02/22/24,993991790.0
usdc_2024-01.pdf,"JANUARY 11, 2024",912797JG3,03/05/24,115930970.0
usdc_2024-01.pdf,"JANUARY 31, 2024",912797GE1,02/01/24,1000000000.0
usdc_2024-01.pdf,"JANUARY 31, 2024",912797JC2,02/06/24,2398249824.0
usdc_2024-01.pdf,"JANUARY 31, 2024",912797GM3,02/08/24,695060008.0
usdc_2024-01.pdf,"JANUARY 31, 2024",912797JD0,02/13/24,81573791.0
usdc_2024-01.pdf,"JANUARY 31, 2024",912797GN1,02/15/24,648673643.0
usdc_2024-01.pdf,"JANUARY 31, 2024",912797JE8,02/20/24,249305693.0
usdc_2024-01.pdf,"JANUARY 31, 2024",912796Z28,02/22/24,996930940.0
usdc_2024-01.pdf,"JANUARY 31, 2024",912797JF5,02/27/24,508061648.0
usdc_2024-01.pdf,"JANUARY 31, 2024",912797GP6,02/29/24,697136860.0
usdc_2024-01.pdf,"JANUARY 31, 2024",912797JG3,03/05/24,116271201.0
usdc_2024-02.pdf,"FEBRUARY 23, 2024",912797JG3,03/05/24,426268946.0
usdc_2024-02.pdf,"FEBRUARY 23, 2024",912797GX9,03/14/24,1022521246.0
usdc_2024-02.pdf,"FEBRUARY 23, 2024",912797JJ7,03/19/24,249192378.0
usdc_2024-02.pdf,"FEBRUARY 23, 2024",912797LL9,03/21/24,1519635050.0
usdc_2024-02.pdf,"FEBRUARY 23, 2024",912797JK4,03/26/24,497872325.0
usdc_2024-02.pdf,"FEBRUARY 23, 2024",912797JL2,04/02/24,1492072500.0
usdc_2024-02.pdf,"FEBRUARY 23, 2024",912797GZ4,04/04/24,1601022688.0
usdc_2024-02.pdf,"FEBRUARY 23, 2024",912797JM0,04/09/24,1115905706.0
usdc_2024-02.pdf,"FEBRUARY 23, 2024",912797JN8,04/16/24,248165885.0
usdc_2024-02.pdf,"FEBRUARY 23, 2024",912797HH3,05/02/24,346624835.0
usdc_2024-02.pdf,"FEBRUARY 23, 2024",912797FH5,05/16/24,741265208.0
usdc_2024-02.pdf,"FEBRUARY 29, 2024",912797JG3,03/05/24,426517081.0
usdc_2024-02.pdf,"FEBRUARY 29, 2024",912797GX9,03/14/24,1023114944.0
usdc_2024-02.pdf,"FEBRUARY 29, 2024",912797JJ7,03/19/24,249336875.0
usdc_2024-02.pdf,"FEBRUARY 29, 2024",912797LL9,03/21/24,1520518193.0
usdc_2024-02.pdf,"FEBRUARY 29, 2024",912797JK4,03/26/24,498163195.0
usdc_2024-02.pdf,"FEBRUARY 29, 2024",912797JL2,04/02/24,1492933335.0
usdc_2024-02.pdf,"FEBRUARY 29, 2024",912797GZ4,04/04/24,1601961334.0
usdc_2024-02.pdf,"FEBRUARY 29, 2024",912797JM0,04/09/24,1116558191.0
usdc_2024-02.pdf,"FEBRUARY 29, 2024",912797JN8,04/16/24,248311098.0
usdc_2024-02.pdf,"FEBRUARY 29, 2024",912797HH3,05/02/24,346823061.0
usdc_2024-02.pdf,"FEBRUARY 29, 2024",912797FH5,05/16/24,741708083.0
usdc_2024-02.pdf,"FEBRUARY 29, 2024",912797HS9,05/30/24,740189063.0
usdc_2024-03.pdf,"MARCH 25, 2024",912797JK4,03/26/24,500000000.0
usdc_2024-03.pdf,"MARCH 25, 2024",912797JL2,04/02/24,899085627.0
usdc_2024-03.pdf,"MARCH 25, 2024",912797GZ4,04/04/24,1255781535.0
usdc_2024-03.pdf,"MARCH 25, 2024",912797JM0,04/09/24,1223082767.0
usdc_2024-03.pdf,"MARCH 25, 2024",912797JN8,04/16/24,548311456.0
usdc_2024-03.pdf,"MARCH 25, 2024",912796CX5,04/18/24,1146138300.0
usdc_2024-03.pdf,"MARCH 25, 2024",912797HG5,04/25/24,597374748.0
usdc_2024-03.pdf,"MARCH 25, 2024",912797HH3,05/02/24,558965935.0
usdc_2024-03.pdf,"MARCH 25, 2024",912797JW8,05/14/24,347483476.0
usdc_2024-03.pdf,"MARCH 25, 2024",912797FH5,05/16/24,332617813.0
usdc_2024-03.pdf,"MARCH 25, 2024",912797JX6,05/21/24,396716224.0
usdc_2024-03.pdf,"MARCH 25, 2024",912797HT7,06/06/24,544263500.0
usdc_2024-03.pdf,"MARCH 25, 2024",912796ZW2,06/20/24,2468795150.0
usdc_2024-03.pdf,"MARCH 29, 2024",912797JL2,04/02/24,649905737.0
usdc_2024-03.pdf,"MARCH 29, 2024",912797GZ4,04/04/24,957008809.0
usdc_2024-03.pdf,"MARCH 29, 2024",912797JM0,04/09/24,1024382428.0
usdc_2024-03.pdf,"MARCH 29, 2024",912797JN8,04/16/24,548792404.0
usdc_2024-03.pdf,"MARCH 29, 2024",912796CX5,04/18/24,1102864822.0
usdc_2024-03.pdf,"MARCH 29, 2024",912797HG5,04/25/24,713702974.0
usdc_2024-03.pdf,"MARCH 29, 2024",912797HH3,05/02/24,758545720.0
usdc_2024-03.pdf,"MARCH 29, 2024",912797HQ3,05/09/24,1569396638.0
usdc_2024-03.pdf,"MARCH 29, 2024",912797JW8,05/14/24,347801377.0
usdc_2024-03.pdf,"MARCH 29, 2024",912797FH5,05/16/24,332918697.0
usdc_2024-03.pdf,"MARCH 29, 2024",912797JX6,05/21/24,397075000.0
usdc_2024-03.pdf,"MARCH 29, 2024",912797HT7,06/06/24,544739019.0
usdc_2024-03.pdf,"MARCH 29, 2024",912796ZW2,06/20/24,2471019450.0
usdc_2024-04.pdf,"APRIL 5, 2024",912797JM0,04/09/24,1725325411.0
usdc_2024-04.pdf,"APRIL 5, 2024",912797JN8,04/16/24,549355615.0
usdc_2024-04.pdf,"APRIL 5, 2024",912796CX5,04/18/24,1103995123.0
usdc_2024-04.pdf,"APRIL 5, 2024",912797HG5,04/25/24,714436376.0
usdc_2024-04.pdf,"APRIL 5, 2024",912797JQ1,04/30/24,2191891326.0
usdc_2024-04.pdf,"APRIL 5, 2024",912797HH3,05/02/24,759341190.0
usdc_2024-04.pdf,"APRIL 5, 2024",912797HQ3,05/09/24,1571029827.0
usdc_2024-04.pdf,"APRIL 5, 2024",912797JW8,05/14/24,99475000.0
usdc_2024-04.pdf,"APRIL 5, 2024",912797FH5,05/16/24,2322118695.0
usdc_2024-04.pdf,"APRIL 5, 2024",912797JX6,05/21/24,149058807.0
usdc_2024-04.pdf,"APRIL 5, 2024",912797JZ1,06/04/24,1662270087.0
usdc_2024-04.pdf,"APRIL 30, 2024",912797HH3,05/02/24,761897885.0
usdc_2024-04.pdf,"APRIL 30, 2024",912797HQ3,05/09/24,1001796840.0
usdc_2024-04.pdf,"APRIL 30, 2024",912797JW8,05/14/24,57889623.0
usdc_2024-04.pdf,"APRIL 30, 2024",912797FH5,05/16/24,2329974025.0
usdc_2024-04.pdf,"APRIL 30, 2024",912797JX6,05/21/24,89736500.0
usdc_2024-04.pdf,"APRIL 30, 2024",912797JY4,05/28/24,89644.0
usdc_2024-04.pdf,"APRIL 30, 2024",912797HS9,05/30/24,597450414.0
usdc_2024-04.pdf,"APRIL 30, 2024",912797JZ1,06/04/24,2353218077.0
usdc_2024-04.pdf,"APRIL 30, 2024",912797HT7,06/06/24,1226825876.0
usdc_2024-04.pdf,"APRIL 30, 2024",912797KE6,06/11/24,387948730.0
usdc_2024-04.pdf,"APRIL 30, 2024",912797KF3,06/18/24,578911229.0
usdc_2024-04.pdf,"APRIL 30, 2024",912797KG1,06/25/24,991937150.0
usdc_2024-05.pdf,"MAY 7, 2024",912797HQ3,05/09/24,1002827476.0
usdc_2024-05.pdf,"MAY 7, 2024",912797JW8,05/14/24,57948936.0
usdc_2024-05.pdf,"MAY 7, 2024",912797FH5,05/16/24,2332369147.0
usdc_2024-05.pdf,"MAY 7, 2024",912797JX6,05/21/24,89828476.0
usdc_2024-05.pdf,"MAY 7, 2024",912797JY4,05/28/24,89736.0
usdc_2024-05.pdf,"MAY 7, 2024",912797HS9,05/30/24,598068888.0
usdc_2024-05.pdf,"MAY 7, 2024",912797JZ1,06/04/24,2355641759.0
usdc_2024-05.pdf,"MAY 7, 2024",912797HT7,06/06/24,1228105122.0
usdc_2024-05.pdf,"MAY 7, 2024",912797KE6,06/11/24,388347059.0
usdc_2024-05.pdf,"MAY 7, 2024",912797KF3,06/18/24,579503522.0
usdc_2024-05.pdf,"MAY 7, 2024",912796ZW2,06/20/24,993701690.0
usdc_2024-05.pdf,"MAY 7, 2024",912797KG1,06/25/24,972128947.0
usdc_2024-05.pdf,"MAY 7, 2024",912797KH9,07/02/24,1211155260.0
usdc_2024-05.pdf,"MAY 31, 2024",912797JZ1,06/04/24,1914726945.0
usdc_2024-05.pdf,"MAY 31, 2024",912797KE6,06/11/24,17668286.0
usdc_2024-05.pdf,"MAY 31, 2024",912797KF3,06/18/24,506884833.0
usdc_2024-05.pdf,"MAY 31, 2024",912796ZW2,06/20/24,945044527.0
usdc_2024-05.pdf,"MAY 31, 2024",912797KH9,07/02/24,1521422865.0
usdc_2024-05.pdf,"MAY 31, 2024",912796Y52,07/05/24,2281752003.0
usdc_2024-05.pdf,"MAY 31, 2024",912797KN6,07/09/24,767037267.0
usdc_2024-05.pdf,"MAY 31, 2024",912797GB7,07/11/24,571801402.0
usdc_2024-05.pdf,"MAY 31, 2024",912797KP1,07/16/24,941034658.0
usdc_2024-05.pdf,"MAY 31, 2024",912797KQ9,07/23/24,1570011854.0
usdc_2024-05.pdf,"MAY 31, 2024",912797KB2,08/15/24,593624664.0
usdc_2024-06.pdf,"JUNE 10, 2024",912797KF3,06/18/24,507483394.0
usdc_2024-06.pdf,"JUNE 10, 2024",912796ZW2,06/20/24,376905889.0
usdc_2024-06.pdf,"JUNE 10, 2024",912797KH9,07/02/24,1635670565.0
usdc_2024-06.pdf,"JUNE 10, 2024",912796Y52,07/05/24,2284483884.0
usdc_2024-06.pdf,"JUNE 10, 2024",912797KN6,07/09/24,875403914.0
usdc_2024-06.pdf,"JUNE 10, 2024",912797KP1,07/16/24,1752997889.0
usdc_2024-06.pdf,"JUNE 10, 2024",912797JS7,07/18/24,1194003794.0
usdc_2024-06.pdf,"JUNE 10, 2024",912797KQ9,07/23/24,1571894243.0
usdc_2024-06.pdf,"JUNE 10, 2024",912797KR7,07/30/24,108517473.0
usdc_2024-06.pdf,"JUNE 10, 2024",912797KW6,08/06/24,297545334.0
usdc_2024-06.pdf,"JUNE 10, 2024",912797KB2,08/15/24,594328752.0
usdc_2024-06.pdf,"JUNE 28, 2024",912797KH9,07/02/24,1163629608.0
usdc_2024-06.pdf,"JUNE 28, 2024",912796Y52,07/05/24,2383102850.0
usdc_2024-06.pdf,"JUNE 28, 2024",912797KN6,07/09/24,353589162.0
usdc_2024-06.pdf,"JUNE 28, 2024",912797KP1,07/16/24,2071055308.0
usdc_2024-06.pdf,"JUNE 28, 2024",912797KQ9,07/23/24,1511734247.0
usdc_2024-06.pdf,"JUNE 28, 2024",912797JU2,08/01/24,1269233736.0
usdc_2024-06.pdf,"JUNE 28, 2024",912797GK7,08/08/24,1132597612.0
usdc_2024-06.pdf,"JUNE 28, 2024",912797KX4,08/13/24,536619125.0
usdc_2024-06.pdf,"JUNE 28, 2024",912797KB2,08/15/24,198690.0
usdc_2024-06.pdf,"JUNE 28, 2024",912797KY2,08/20/24,298806255.0
usdc_2024-07.pdf,"JULY 18, 2024",912797KQ9,07/23/24,1255875708.0
usdc_2024-07.pdf,"JULY 18, 2024",912797KR7,07/30/24,99840205.0
usdc_2024-07.pdf,"JULY 18, 2024",912797JU2,08/01/24,613844870.0
usdc_2024-07.pdf,"JULY 18, 2024",912797GK7,08/08/24,1135579264.0
usdc_2024-07.pdf,"JULY 18, 2024",912797KX4,08/13/24,1673873242.0
usdc_2024-07.pdf,"JULY 18, 2024",912797KB2,08/15/24,1528271068.0
usdc_2024-07.pdf,"JULY 18, 2024",912797KY2,08/20/24,797257376.0
usdc_2024-07.pdf,"JULY 18, 2024",912797KD8,08/29/24,298201467.0
usdc_2024-07.pdf,"JULY 18, 2024",912797LA3,09/03/24,844294656.0
usdc_2024-07.pdf,"JULY 18, 2024",912797LG0,09/10/24,1240333938.0
usdc_2024-07.pdf,"JULY 18, 2024",912797KT3,10/10/24,247002778.0
usdc_2024-07.pdf,"JULY 18, 2024",912797KU0,10/17/24,59120551.0
usdc_2024-07.pdf,"JULY 31, 2024",912797GK7,08/08/24,1137734939.0
usdc_2024-07.pdf,"JULY 31, 2024",912797KX4,08/13/24,2290958895.0
usdc_2024-07.pdf,"JULY 31, 2024",912797KB2,08/15/24,1476271041.0
usdc_2024-07.pdf,"JULY 31, 2024",912797KY2,08/20/24,928005422.0
usdc_2024-07.pdf,"JULY 31, 2024",912797KZ9,08/27/24,54790148.0
usdc_2024-07.pdf,"JULY 31, 2024",912797KD8,08/29/24,169700886.0
usdc_2024-07.pdf,"JULY 31, 2024",912797LA3,09/03/24,845893013.0
usdc_2024-07.pdf,"JULY 31, 2024",912797LG0,09/10/24,1139185874.0
usdc_2024-07.pdf,"JULY 31, 2024",912797LH8,09/17/24,38830879.0
usdc_2024-07.pdf,"JULY 31, 2024",912797LJ4,09/24/24,496058750.0
usdc_2024-07.pdf,"JULY 31, 2024",912797KT3,10/10/24,247489235.0
usdc_2024-07.pdf,"JULY 31, 2024",912797KU0,10/17/24,59240249.0
usdc_2024-08.pdf,"AUGUST 29, 2024",912797LA3,09/03/24,191988501.0
usdc_2024-08.pdf,"AUGUST 29, 2024",912797LG0,09/10/24,229632570.0
usdc_2024-08.pdf,"AUGUST 29, 2024",912797KK2,09/12/24,610741783.0
usdc_2024-08.pdf,"AUGUST 29, 2024",912797LH8,09/17/24,42189005.0
usdc_2024-08.pdf,"AUGUST 29, 2024",912797LJ4,09/24/24,336977549.0
usdc_2024-08.pdf,"AUGUST 29, 2024",912797KM8,09/26/24,2066438223.0
usdc_2024-08.pdf,"AUGUST 29, 2024",912797GW1,10/03/24,72246967.0
usdc_2024-08.pdf,"AUGUST 29, 2024",912797LS4,10/08/24,1044149841.0
usdc_2024-08.pdf,"AUGUST 29, 2024",912797KT3,10/10/24,497067360.0
usdc_2024-08.pdf,"AUGUST 29, 2024",912797LT2,10/15/24,1977754476.0
usdc_2024-08.pdf,"AUGUST 29, 2024",912797LU9,10/22/24,1165264779.0
usdc_2024-08.pdf,"AUGUST 29, 2024",912797LC9,11/07/24,98741834.0
usdc_2024-08.pdf,"AUGUST 29, 2024",912797HP5,11/29/24,313979738.0
usdc_2024-08.pdf,"AUGUST 30, 2024",912797LA3,09/03/24,192100000.0
usdc_2024-08.pdf,"AUGUST 30, 2024",912797LG0,09/10/24,229766437.0
usdc_2024-08.pdf,"AUGUST 30, 2024",912797KK2,09/12/24,611101471.0
usdc_2024-08.pdf,"AUGUST 30, 2024",912797LH8,09/17/24,42213843.0
usdc_2024-08.pdf,"AUGUST 30, 2024",912797LJ4,09/24/24,337176593.0
usdc_2024-08.pdf,"AUGUST 30, 2024",912797KM8,09/26/24,2067627928.0
usdc_2024-08.pdf,"AUGUST 30, 2024",912797GW1,10/03/24,72288728.0
usdc_2024-08.pdf,"AUGUST 30, 2024",912797LS4,10/08/24,1044768228.0
usdc_2024-08.pdf,"AUGUST 30, 2024",912797KT3,10/10/24,497361180.0
usdc_2024-08.pdf,"AUGUST 30, 2024",912797LT2,10/15/24,1978916597.0
usdc_2024-08.pdf,"AUGUST 30, 2024",912797LU9,10/22/24,1165936714.0
usdc_2024-08.pdf,"AUGUST 30, 2024",912797LC9,11/07/24,98795655.0
usdc_2024-08.pdf,"AUGUST 30, 2024",912797HP5,11/29/24,314155153.0
usdc_2024-09.pdf,"SEPTEMBER 20, 2024",912797KM8,09/26/24,1911376194.0
usdc_2024-09.pdf,"SEPTEMBER 20, 2024",912797GW1,10/03/24,72507788.0
usdc_2024-09.pdf,"SEPTEMBER 20, 2024",912797LS4,10/08/24,843765563.0
usdc_2024-09.pdf,"SEPTEMBER 20, 2024",912797KT3,10/10/24,473874017.0
usdc_2024-09.pdf,"SEPTEMBER 20, 2024",912797LT2,10/15/24,1985164357.0
usdc_2024-09.pdf,"SEPTEMBER 20, 2024",912797KU0,10/17/24,384901804.0
usdc_2024-09.pdf,"SEPTEMBER 20, 2024",912797LU9,10/22/24,1169688586.0
usdc_2024-09.pdf,"SEPTEMBER 20, 2024",912797LV7,10/29/24,73951812.0
usdc_2024-09.pdf,"SEPTEMBER 20, 2024",912797HE0,10/31/24,24976116.0
usdc_2024-09.pdf,"SEPTEMBER 20, 2024",912797MA2,11/05/24,952456625.0
usdc_2024-09.pdf,"SEPTEMBER 20, 2024",912797LC9,11/07/24,76152560.0
usdc_2024-09.pdf,"SEPTEMBER 20, 2024",912797HP5,11/29/24,315251918.0
usdc_2024-09.pdf,"SEPTEMBER 20, 2024",912797LF2,12/05/24,117298712.0
usdc_2024-09.pdf,"SEPTEMBER 20, 2024",912797LP0,12/12/24,302129229.0
usdc_2024-09.pdf,"SEPTEMBER 20, 2024",912797LQ8,12/19/24,99691316.0
usdc_2024-09.pdf,"SEPTEMBER 30, 2024",912797LK1,10/01/24,600000000.0
usdc_2024-09.pdf,"SEPTEMBER 30, 2024",912797GW1,10/03/24,72581064.0
usdc_2024-09.pdf,"SEPTEMBER 30, 2024",912797LS4,10/08/24,844630272.0
usdc_2024-09.pdf,"SEPTEMBER 30, 2024",912797KT3,10/10/24,474348522.0
usdc_2024-09.pdf,"SEPTEMBER 30, 2024",912797LT2,10/15/24,1987136230.0
usdc_2024-09.pdf,"SEPTEMBER 30, 2024",912797KU0,10/17/24,385293051.0
usdc_2024-09.pdf,"SEPTEMBER 30, 2024",912797LU9,10/22/24,1170888544.0
usdc_2024-09.pdf,"SEPTEMBER 30, 2024",912797LV7,10/29/24,74026080.0
usdc_2024-09.pdf,"SEPTEMBER 30, 2024",912797HE0,10/31/24,25002204.0
usdc_2024-09.pdf,"SEPTEMBER 30, 2024",912797MA2,11/05/24,953473828.0
usdc_2024-09.pdf,"SEPTEMBER 30, 2024",912797LC9,11/07/24,636706215.0
usdc_2024-09.pdf,"SEPTEMBER 30, 2024",912797HP5,11/29/24,315525704.0
usdc_2024-09.pdf,"SEPTEMBER 30, 2024",912797LF2,12/05/24,117433323.0
usdc_2024-09.pdf,"SEPTEMBER 30, 2024",912797LP0,12/12/24,302500253.0
usdc_2024-09.pdf,"SEPTEMBER 30, 2024",912797LQ8,12/19/24,99803494.0
usdc_2024-12.pdf,"DECEMBER 9, 2024",912797MN4,12/10/24,1683900000.0
usdc_2024-12.pdf,"DECEMBER 9, 2024",912797LP0,12/12/24,1149216.0
usdc_2024-12.pdf,"DECEMBER 9, 2024",912797MP9,12/17/24,436723771.0
usdc_2024-12.pdf,"DECEMBER 9, 2024",912797LQ8,12/19/24,1728676438.0
usdc_2024-12.pdf,"DECEMBER 9, 2024",912797MQ7,12/24/24,1755066732.0
usdc_2024-12.pdf,"DECEMBER 9, 2024",912796ZV4,12/26/24,1358009850.0
usdc_2024-12.pdf,"DECEMBER 9, 2024",912797MR5,12/31/24,582499021.0
usdc_2024-12.pdf,"DECEMBER 9, 2024",912797LR6,01/02/25,2858489810.0
usdc_2024-12.pdf,"DECEMBER 9, 2024",912797LX3,01/09/25,1992787500.0
usdc_2024-12.pdf,"DECEMBER 9, 2024",912797MX2,01/14/25,141702340.0
usdc_2024-12.pdf,"DECEMBER 9, 2024",912797LY1,01/16/25,1921103379.0
usdc_2024-12.pdf,"DECEMBER 9, 2024",912797MY0,01/21/25,770587482.0
usdc_2024-12.pdf,"DECEMBER 9, 2024",912797JR9,01/23/25,257631056.0
usdc_2024-12.pdf,"DECEMBER 9, 2024",912797KA4,02/20/25,29009121.0
usdc_2024-12.pdf,"DECEMBER 31, 2024",912797LR6,01/02/25,2866450200.0
usdc_2024-12.pdf,"DECEMBER 31, 2024",912797MW4,01/07/25,93536805.0
usdc_2024-12.pdf,"DECEMBER 31, 2024",912797LX3,01/09/25,1998363100.0
usdc_2024-12.pdf,"DECEMBER 31, 2024",912797MX2,01/14/25,142101049.0
usdc_2024-12.pdf,"DECEMBER 31, 2024",912797LY1,01/16/25,1926521417.0
usdc_2024-12.pdf,"DECEMBER 31, 2024",912797MY0,01/21/25,709107456.0
usdc_2024-12.pdf,"DECEMBER 31, 2024",912797JR9,01/23/25,151823131.0
usdc_2024-12.pdf,"DECEMBER 31, 2024",912797LZ8,01/30/25,263430440.0
usdc_2024-12.pdf,"DECEMBER 31, 2024",912797MJ3,02/06/25,2489736525.0
usdc_2024-12.pdf,"DECEMBER 31, 2024",912797NG8,02/11/25,1008589604.0
usdc_2024-12.pdf,"DECEMBER 31, 2024",912797NJ2,02/25/25,596219322.0
usdc_2024-12.pdf,"DECEMBER 31, 2024",912797MT1,03/13/25,459336233.0
usdc_2024-12.pdf,"DECEMBER 31, 2024",912797KJ5,03/20/25,1339565665.0
usdc_2024-12.pdf,"DECEMBER 31, 2024",912797MU8,03/27/25,742667918.0
usdc_2025-01.pdf,"JANUARY 6, 2025",912797MW4,01/07/25,253230000.0
usdc_2025-01.pdf,"JANUARY 6, 2025",912797LX3,01/09/25,1030769931.0
usdc_2025-01.pdf,"JANUARY 6, 2025",912797MX2,01/14/25,142182913.0
usdc_2025-01.pdf,"JANUARY 6, 2025",912797LY1,01/16/25,2077497265.0
usdc_2025-01.pdf,"JANUARY 6, 2025",912797MY0,01/21/25,809363772.0
usdc_2025-01.pdf,"JANUARY 6, 2025",912797JR9,01/23/25,597076048.0
usdc_2025-01.pdf,"JANUARY 6, 2025",912797MZ7,01/28/25,99752987.0
usdc_2025-01.pdf,"JANUARY 6, 2025",912797LZ8,01/30/25,263584886.0
usdc_2025-01.pdf,"JANUARY 6, 2025",912797MJ3,02/06/25,2491182300.0
usdc_2025-01.pdf,"JANUARY 6, 2025",912797NG8,02/11/25,1009143889.0
usdc_2025-01.pdf,"JANUARY 6, 2025",912797NJ2,02/25/25,587207659.0
usdc_2025-01.pdf,"JANUARY 6, 2025",912797NK9,03/04/25,28908216.0
usdc_2025-01.pdf,"JANUARY 6, 2025",912797MT1,03/13/25,459597565.0
usdc_2025-01.pdf,"JANUARY 6, 2025",912797KJ5,03/20/25,1340308188.0
usdc_2025-01.pdf,"JANUARY 6, 2025",912797MU8,03/27/25,714269544.0
usdc_2025-01.pdf,"JANUARY 31, 2025",912797NF0,02/04/25,1859382538.0
usdc_2025-01.pdf,"JANUARY 31, 2025",912797MJ3,02/06/25,2499122925.0
usdc_2025-01.pdf,"JANUARY 31, 2025",912797NG8,02/11/25,1012344124.0
usdc_2025-01.pdf,"JANUARY 31, 2025",912797KA4,02/20/25,249498413.0
usdc_2025-01.pdf,"JANUARY 31, 2025",912797NJ2,02/25/25,1624969929.0
usdc_2025-01.pdf,"JANUARY 31, 2025",912797ML8,02/27/25,1970421100.0
usdc_2025-01.pdf,"JANUARY 31, 2025",912797NK9,03/04/25,29000310.0
usdc_2025-01.pdf,"JANUARY 31, 2025",912797MM6,03/06/25,4186042118.0
usdc_2025-01.pdf,"JANUARY 31, 2025",912797NQ6,03/11/25,995770000.0
usdc_2025-01.pdf,"JANUARY 31, 2025",912797MT1,03/13/25,294160045.0
usdc_2025-01.pdf,"JANUARY 31, 2025",912797NR4,03/18/25,1863642868.0
usdc_2025-01.pdf,"JANUARY 31, 2025",912797KJ5,03/20/25,1316351111.0
usdc_2025-01.pdf,"JANUARY 31, 2025",912797NS2,03/25/25,343273911.0
usdc_2025-01.pdf,"JANUARY 31, 2025",912797MU8,03/27/25,373305989.0
usdc_2025-01.pdf,"JANUARY 31, 2025",912797NT0,04/01/25,1986617660.0
usdc_2025-01.pdf,"JANUARY 31, 2025",912797ND5,05/01/25,197974532.0
usdc_2025-02.pdf,"FEBRUARY 4, 2025",912797MJ3,02/06/25,2499703825.0
usdc_2025-02.pdf,"FEBRUARY 4, 2025",912797NG8,02/11/25,1012584782.0
usdc_2025-02.pdf,"FEBRUARY 4, 2025",912797KA4,02/20/25,249558048.0
usdc_2025-02.pdf,"FEBRUARY 4, 2025",912797NJ2,02/25/25,1625357043.0
usdc_2025-02.pdf,"FEBRUARY 4, 2025",912797ML8,02/27/25,1970881567.0
usdc_2025-02.pdf,"FEBRUARY 4, 2025",912797MM6,03/06/25,4187046379.0
usdc_2025-02.pdf,"FEBRUARY 4, 2025",912797NQ6,03/11/25,948288496.0
usdc_2025-02.pdf,"FEBRUARY 4, 2025",912797MT1,03/13/25,294231036.0
usdc_2025-02.pdf,"FEBRUARY 4, 2025",912797NR4,03/18/25,1746226413.0
usdc_2025-02.pdf,"FEBRUARY 4, 2025",912797KJ5,03/20/25,3733406086.0
usdc_2025-02.pdf,"FEBRUARY 4, 2025",912797NS2,03/25/25,343351186.0
usdc_2025-02.pdf,"FEBRUARY 4, 2025",912797MU8,03/27/25,373391611.0
usdc_2025-02.pdf,"FEBRUARY 4, 2025",912797NT0,04/01/25,2152300286.0
usdc_2025-02.pdf,"FEBRUARY 4, 2025",912797ND5,05/01/25,198014824.0
usdc_2025-02.pdf,"FEBRUARY 28, 2025",912797MM6,03/06/25,4144941836.0
usdc_2025-02.pdf,"FEBRUARY 28, 2025",912797NQ6,03/11/25,1060590302.0
usdc_2025-02.pdf,"FEBRUARY 28, 2025",912797MT1,03/13/25,36341978.0
usdc_2025-02.pdf,"FEBRUARY 28, 2025",912797NR4,03/18/25,1628796928.0
usdc_2025-02.pdf,"FEBRUARY 28, 2025",912797KJ5,03/20/25,3689954563.0
usdc_2025-02.pdf,"FEBRUARY 28, 2025",912797NS2,03/25/25,224518117.0
usdc_2025-02.pdf,"FEBRUARY 28, 2025",912797MU8,03/27/25,2401325220.0
usdc_2025-02.pdf,"FEBRUARY 28, 2025",912797NT0,04/01/25,2157600961.0
usdc_2025-02.pdf,"FEBRUARY 28, 2025",912797MV6,04/03/25,795887127.0
usdc_2025-02.pdf,"FEBRUARY 28, 2025",912797NY9,04/08/25,1493051166.0
usdc_2025-02.pdf,"FEBRUARY 28, 2025",912797NB9,04/10/25,413245263.0
usdc_2025-02.pdf,"FEBRUARY 28, 2025",912797NZ6,04/15/25,1242182265.0
usdc_2025-02.pdf,"FEBRUARY 28, 2025",912797PA9,04/22/25,1566735531.0
usdc_2025-02.pdf,"FEBRUARY 28, 2025",912797PB7,04/29/25,993307250.0
usdc_2025-02.pdf,"FEBRUARY 28, 2025",912797ND5,05/01/25,198608092.0
usdc_2025-03.pdf,"MARCH 19, 2025",912797KJ5,03/20/25,3697340000.0
usdc_2025-03.pdf,"MARCH 19, 2025",912797MU8,03/27/25,1178373594.0
usdc_2025-03.pdf,"MARCH 19, 2025",912797NT0,04/01/25,2461524350.0
usdc_2025-03.pdf,"MARCH 19, 2025",912797MV6,04/03/25,797482547.0
usdc_2025-03.pdf,"MARCH 19, 2025",912797NY9,04/08/25,1496043353.0
usdc_2025-03.pdf,"MARCH 19, 2025",912797NB9,04/10/25,414075741.0
usdc_2025-03.pdf,"MARCH 19, 2025",912797NZ6,04/15/25,1244690340.0
usdc_2025-03.pdf,"MARCH 19, 2025",912797KS5,04/17/25,3146619595.0
usdc_2025-03.pdf,"MARCH 19, 2025",912797PA9,04/22/25,1569885088.0
usdc_2025-03.pdf,"MARCH 19, 2025",912797NC7,04/24/25,597531624.0
usdc_2025-03.pdf,"MARCH 19, 2025",912797PB7,04/29/25,962266781.0
usdc_2025-03.pdf,"MARCH 19, 2025",912797ND5,05/01/25,2863446371.0
usdc_2025-03.pdf,"MARCH 19, 2025",912797PC5,05/06/25,1790887406.0
usdc_2025-03.pdf,"MARCH 31, 2025",912797NT0,04/01/25,2465000000.0
usdc_2025-03.pdf,"MARCH 31, 2025",912797MV6,04/03/25,1423464525.0
usdc_2025-03.pdf,"MARCH 31, 2025",912797NY9,04/08/25,1498162080.0
usdc_2025-03.pdf,"MARCH 31, 2025",912797NB9,04/10/25,1063968331.0
usdc_2025-03.pdf,"MARCH 31, 2025",912797NZ6,04/15/25,1096587717.0
usdc_2025-03.pdf,"MARCH 31, 2025",912797KS5,04/17/25,2990827955.0
usdc_2025-03.pdf,"MARCH 31, 2025",912797PA9,04/22/25,1521318728.0
usdc_2025-03.pdf,"MARCH 31, 2025",912797NC7,04/24/25,848597992.0
usdc_2025-03.pdf,"MARCH 31, 2025",912797PB7,04/29/25,134455689.0
usdc_2025-03.pdf,"MARCH 31, 2025",912797ND5,05/01/25,2792780057.0
usdc_2025-03.pdf,"MARCH 31, 2025",912797PC5,05/06/25,1793382181.0
usdc_2025-03.pdf,"MARCH 31, 2025",912797NE3,05/08/25,2058500917.0
usdc_2025-03.pdf,"MARCH 31, 2025",912797PJ0,05/20/25,212966744.0
usdc_2025-03.pdf,"MARCH 31, 2025",912797PK7,05/27/25,2930554574.0
usdc_2025-03.pdf,"MARCH 31, 2025",912797NN3,05/29/25,52042278.0
usdc_2025-03.pdf,"MARCH 31, 2025",912797NW3,06/26/25,1979957220.0
usdc_2025-04.pdf,"APRIL 03, 2025",912797NY9,04/08/25,1498689030.0
usdc_2025-04.pdf,"APRIL 03, 2025",912797NB9,04/10/25,674522816.0
usdc_2025-04.pdf,"APRIL 03, 2025",912797NZ6,04/15/25,1096970246.0
usdc_2025-04.pdf,"APRIL 03, 2025",912797KS5,04/17/25,2991888207.0
usdc_2025-04.pdf,"APRIL 03, 2025",912797PA9,04/22/25,1521857256.0
usdc_2025-04.pdf,"APRIL 03, 2025",912797NC7,04/24/25,848898811.0
usdc_2025-04.pdf,"APRIL 03, 2025",912797PB7,04/29/25,134503263.0
usdc_2025-04.pdf,"APRIL 03, 2025",912797ND5,05/01/25,2793769341.0
usdc_2025-04.pdf,"APRIL 03, 2025",912797PC5,05/06/25,1794012317.0
usdc_2025-04.pdf,"APRIL 03, 2025",912797NE3,05/08/25,2059230579.0
usdc_2025-04.pdf,"APRIL 03, 2025",912797LB1,05/15/25,1880958116.0
usdc_2025-04.pdf,"APRIL 03, 2025",912797PJ0,05/20/25,213039272.0
usdc_2025-04.pdf,"APRIL 03, 2025",912797PK7,05/27/25,2931648965.0
usdc_2025-04.pdf,"APRIL 03, 2025",912797NN3,05/29/25,52061585.0
usdc_2025-04.pdf,"APRIL 03, 2025",912797PL5,06/03/25,992957220.0
usdc_2025-04.pdf,"APRIL 03, 2025",912797NW3,06/26/25,1980725560.0
usdc_2025-04.pdf,"APRIL 03, 2025",912797NX1,07/03/25,562255208.0
usdc_2025-04.pdf,"APRIL 30, 2025",912797ND5,05/01/25,2802665000.0
usdc_2025-04.pdf,"APRIL 30, 2025",912797PC5,05/06/25,1799748531.0
usdc_2025-04.pdf,"APRIL 30, 2025",912797NE3,05/08/25,2065809529.0
usdc_2025-04.pdf,"APRIL 30, 2025",912797LB1,05/15/25,1887001805.0
usdc_2025-04.pdf,"APRIL 30, 2025",912797PJ0,05/20/25,929018861.0
usdc_2025-04.pdf,"APRIL 30, 2025",912797PK7,05/27/25,3106089039.0
usdc_2025-04.pdf,"APRIL 30, 2025",912797NN3,05/29/25,2045663880.0
usdc_2025-04.pdf,"APRIL 30, 2025",912797PL5,06/03/25,996132970.0
usdc_2025-04.pdf,"APRIL 30, 2025",912797NP8,06/05/25,2258174906.0
usdc_2025-04.pdf,"APRIL 30, 2025",912797PR2,06/10/25,1343671686.0
usdc_2025-04.pdf,"APRIL 30, 2025",912797LN5,06/12/25,3521527178.0
usdc_2025-04.pdf,"APRIL 30, 2025",912797PT8,06/24/25,92708711.0
usdc_2025-04.pdf,"APRIL 30, 2025",912797NW3,06/26/25,1150564926.0
usdc_2025-04.pdf,"APRIL 30, 2025",912797NX1,07/03/25,861826327.0
usdc_2025-04.pdf,"APRIL 30, 2025",912797LW5,07/10/25,621091880.0
usdc_2025-05.pdf,"MAY 27, 2025",912797NN3,05/29/25,1854980975.0
usdc_2025-05.pdf,"MAY 27, 2025",912797PL5,06/03/25,1130600700.0
usdc_2025-05.pdf,"MAY 27, 2025",912797NP8,06/05/25,1990338409.0
usdc_2025-05.pdf,"MAY 27, 2025",912797PR2,06/10/25,1531068803.0
usdc_2025-05.pdf,"MAY 27, 2025",912797LN5,06/12/25,3012505451.0
usdc_2025-05.pdf,"MAY 27, 2025",912797NV5,06/20/25,2106415663.0
usdc_2025-05.pdf,"MAY 27, 2025",912797PT8,06/24/25,17943131.0
usdc_2025-05.pdf,"MAY 27, 2025",912797NW3,06/26/25,1154276447.0
usdc_2025-05.pdf,"MAY 27, 2025",912797PU5,07/01/25,3052712180.0
usdc_2025-05.pdf,"MAY 27, 2025",912797NX1,07/03/25,1715330628.0
usdc_2025-05.pdf,"MAY 27, 2025",912797PZ4,07/08/25,1883514725.0
usdc_2025-05.pdf,"MAY 27, 2025",912797LW5,07/10/25,3309374517.0
usdc_2025-05.pdf,"MAY 27, 2025",912797QA8,07/15/25,2983817072.0
usdc_2025-05.pdf,"MAY 27, 2025",912797QB6,07/22/25,2950695676.0
usdc_2025-05.pdf,"MAY 30, 2025",912797PL5,06/03/25,1221956501.0
usdc_2025-05.pdf,"MAY 30, 2025",912797NP8,06/05/25,1900826394.0
usdc_2025-05.pdf,"MAY 30, 2025",912797PR2,06/10/25,1531956902.0
usdc_2025-05.pdf,"MAY 30, 2025",912797LN5,06/12/25,3014236763.0
usdc_2025-05.pdf,"MAY 30, 2025",912797NV5,06/20/25,2107627628.0
usdc_2025-05.pdf,"MAY 30, 2025",912797PT8,06/24/25,17953415.0
usdc_2025-05.pdf,"MAY 30, 2025",912797NW3,06/26/25,457706001.0
usdc_2025-05.pdf,"MAY 30, 2025",912797PU5,07/01/25,2798947000.0
usdc_2025-05.pdf,"MAY 30, 2025",912797NX1,07/03/25,1716343224.0
usdc_2025-05.pdf,"MAY 30, 2025",912797PZ4,07/08/25,1884622691.0
usdc_2025-05.pdf,"MAY 30, 2025",912797LW5,07/10/25,4262704371.0
usdc_2025-05.pdf,"MAY 30, 2025",912797QA8,07/15/25,2566298884.0
usdc_2025-05.pdf,"MAY 30, 2025",912797QB6,07/22/25,3100717576.0
usdc_2025-05.pdf,"MAY 30, 2025",912797PF8,07/24/25,270637426.0
usdc_2025-05.pdf,"MAY 30, 2025",912797QC4,07/29/25,1489947810.0
usdc_2025-06.pdf,"JUNE 12, 2025",912797NV5,06/20/25,2110354180.0
usdc_2025-06.pdf,"JUNE 12, 2025",912797NW3,06/26/25,458306088.0
usdc_2025-06.pdf,"JUNE 12, 2025",912797PU5,07/01/25,2802635009.0
usdc_2025-06.pdf,"JUNE 12, 2025",912797NX1,07/03/25,1718614868.0
usdc_2025-06.pdf,"JUNE 12, 2025",912797PZ4,07/08/25,1246693235.0
usdc_2025-06.pdf,"JUNE 12, 2025",912797LW5,07/10/25,4268536482.0
usdc_2025-06.pdf,"JUNE 12, 2025",912797QA8,07/15/25,2569946143.0
usdc_2025-06.pdf,"JUNE 12, 2025",912797PE1,07/17/25,2091760440.0
usdc_2025-06.pdf,"JUNE 12, 2025",912797QB6,07/22/25,3040870489.0
usdc_2025-06.pdf,"JUNE 12, 2025",912797PF8,07/24/25,2036792088.0
usdc_2025-06.pdf,"JUNE 12, 2025",912797QC4,07/29/25,2500497544.0
usdc_2025-06.pdf,"JUNE 30, 2025",912797PU5,07/01/25,2647400000.0
usdc_2025-06.pdf,"JUNE 30, 2025",912797NX1,07/03/25,1722198927.0
usdc_2025-06.pdf,"JUNE 30, 2025",912797PZ4,07/08/25,1124393042.0
usdc_2025-06.pdf,"JUNE 30, 2025",912797LW5,07/10/25,3900208606.0
usdc_2025-06.pdf,"JUNE 30, 2025",912797QA8,07/15/25,2446542786.0
usdc_2025-06.pdf,"JUNE 30, 2025",912797PE1,07/17/25,2096136000.0
usdc_2025-06.pdf,"JUNE 30, 2025",912797QB6,07/22/25,2642269407.0
usdc_2025-06.pdf,"JUNE 30, 2025",912797PF8,07/24/25,2041063500.0
usdc_2025-06.pdf,"JUNE 30, 2025",912797QC4,07/29/25,1913104922.0
usdc_2025-06.pdf,"JUNE 30, 2025",912797PG6,07/31/25,2254842774.0
usdc_2025-06.pdf,"JUNE 30, 2025",912797QU4,09/16/25,1362119209.0
usdc_2025-06.pdf,"JUNE 30, 2025",912797PX9,09/18/25,1858138009.0
usdc_2025-06.pdf,"JUNE 30, 2025",912797PY7,09/25/25,41997281.0
usdc_2025-06.pdf,"JUNE 30, 2025",912797MS3,10/02/25,989077340.0
usdc_2025-07.pdf,"JULY 8, 2025",912797LW5,07/10/25,3903845813.0
usdc_2025-07.pdf,"JULY 8, 2025",912797QA8,07/15/25,2053377051.0
usdc_2025-07.pdf,"JULY 8, 2025",912797PE1,07/17/25,1868265051.0
usdc_2025-07.pdf,"JULY 8, 2025",912797QB6,07/22/25,2517491955.0
usdc_2025-07.pdf,"JULY 8, 2025",912797PF8,07/24/25,2042942134.0
usdc_2025-07.pdf,"JULY 8, 2025",912797QC4,07/29/25,1914824039.0
usdc_2025-07.pdf,"JULY 8, 2025",912797PG6,07/31/25,2256876512.0
usdc_2025-07.pdf,"JULY 8, 2025",912797MG9,08/07/25,63680639.0
usdc_2025-07.pdf,"JULY 8, 2025",912797PP6,08/21/25,2984636460.0
usdc_2025-07.pdf,"JULY 8, 2025",912797QL4,08/26/25,63535387.0
usdc_2025-07.pdf,"JULY 8, 2025",912797QU4,09/16/25,1363376391.0
usdc_2025-07.pdf,"JULY 8, 2025",912797PX9,09/18/25,1859798164.0
usdc_2025-07.pdf,"JULY 8, 2025",912797QV2,09/23/25,391734505.0
usdc_2025-07.pdf,"JULY 8, 2025",912797PY7,09/25/25,42031380.0
usdc_2025-07.pdf,"JULY 8, 2025",912797MS3,10/02/25,989988890.0
usdc_2025-07.pdf,"JULY 31, 2025",912797QK6,08/19/25,603874518.0
usdc_2025-07.pdf,"JULY 31, 2025",912797PP6,08/21/25,2367635716.0
usdc_2025-07.pdf,"JULY 31, 2025",912797PQ4,08/28/25,1680578448.0
usdc_2025-07.pdf,"JULY 31, 2025",912797MH7,09/04/25,2240911373.0
usdc_2025-07.pdf,"JULY 31, 2025",912797QT7,09/09/25,127904119.0
usdc_2025-07.pdf,"JULY 31, 2025",912797PW1,09/11/25,1973317031.0
usdc_2025-07.pdf,"JULY 31, 2025",912797QU4,09/16/25,3027303805.0
usdc_2025-07.pdf,"JULY 31, 2025",912797PX9,09/18/25,1864836957.0
usdc_2025-07.pdf,"JULY 31, 2025",912797QV2,09/23/25,3709635482.0
usdc_2025-07.pdf,"JULY 31, 2025",912797PY7,09/25/25,42143244.0
usdc_2025-07.pdf,"JULY 31, 2025",912797MS3,10/02/25,992682130.0
usdc_2025-07.pdf,"JULY 31, 2025",912797NA1,10/30/25,260024345.0
usdc_2025-08.pdf,"AUGUST 4, 2025",912797QK6,08/19/25,604167657.0
usdc_2025-08.pdf,"AUGUST 4, 2025",912797PP6,08/21/25,2368790730.0
usdc_2025-08.pdf,"AUGUST 4, 2025",912797PQ4,08/28/25,1681411264.0
usdc_2025-08.pdf,"AUGUST 4, 2025",912797MH7,09/04/25,2241982508.0
usdc_2025-08.pdf,"AUGUST 4, 2025",912797QT7,09/09/25,23898678.0
usdc_2025-08.pdf,"AUGUST 4, 2025",912797PW1,09/11/25,1974249735.0
usdc_2025-08.pdf,"AUGUST 4, 2025",912797QU4,09/16/25,3028754071.0
usdc_2025-08.pdf,"AUGUST 4, 2025",912797PX9,09/18/25,1865711972.0
usdc_2025-08.pdf,"AUGUST 4, 2025",912797QV2,09/23/25,3711617176.0
usdc_2025-08.pdf,"AUGUST 4, 2025",912797PY7,09/25/25,42165962.0
usdc_2025-08.pdf,"AUGUST 4, 2025",912797QW0,09/30/25,103807875.0
usdc_2025-08.pdf,"AUGUST 4, 2025",912797MS3,10/02/25,993154390.0
usdc_2025-08.pdf,"AUGUST 4, 2025",912797NA1,10/30/25,260198054.0
usdc_2025-08.pdf,"AUGUST 4, 2025",912797QP5,11/06/25,2473208000.0
usdc_2025-08.pdf,"AUGUST 29, 2025",912797QM2,09/02/25,179016000.0
usdc_2025-08.pdf,"AUGUST 29, 2025",912797MH7,09/04/25,1883210414.0
usdc_2025-08.pdf,"AUGUST 29, 2025",912797PW1,09/11/25,1692074210.0
usdc_2025-08.pdf,"AUGUST 29, 2025",912797QU4,09/16/25,3134839257.0
usdc_2025-08.pdf,"AUGUST 29, 2025",912797PX9,09/18/25,3691353019.0
usdc_2025-08.pdf,"AUGUST 29, 2025",912797QV2,09/23/25,4505251331.0
usdc_2025-08.pdf,"AUGUST 29, 2025",912797PY7,09/25/25,542147601.0
usdc_2025-08.pdf,"AUGUST 29, 2025",912797QW0,09/30/25,1361330447.0
usdc_2025-08.pdf,"AUGUST 29, 2025",912797MS3,10/02/25,1625314871.0
usdc_2025-08.pdf,"AUGUST 29, 2025",912797RB5,10/07/25,110465085.0
usdc_2025-08.pdf,"AUGUST 29, 2025",912797QE0,10/09/25,1991376940.0
usdc_2025-08.pdf,"AUGUST 29, 2025",912797RC3,10/14/25,746355623.0
usdc_2025-08.pdf,"AUGUST 29, 2025",912797RD1,10/21/25,994347990.0
usdc_2025-08.pdf,"AUGUST 29, 2025",912797NA1,10/30/25,261052793.0
usdc_2025-08.pdf,"AUGUST 29, 2025",912797QP5,11/06/25,1687448424.0
usdc_2025-09.pdf,"SEPTEMBER 18, 2025",912797QV2,09/23/25,4514455903.0
usdc_2025-09.pdf,"SEPTEMBER 18, 2025",912797PY7,09/25/25,33878.0
usdc_2025-09.pdf,"SEPTEMBER 18, 2025",912797QW0,09/30/25,1076655307.0
usdc_2025-09.pdf,"SEPTEMBER 18, 2025",912797MS3,10/02/25,1428967905.0
usdc_2025-09.pdf,"SEPTEMBER 18, 2025",912797RB5,10/07/25,194434190.0
usdc_2025-09.pdf,"SEPTEMBER 18, 2025",912797QE0,10/09/25,1995532960.0
usdc_2025-09.pdf,"SEPTEMBER 18, 2025",912797RC3,10/14/25,2243731253.0
usdc_2025-09.pdf,"SEPTEMBER 18, 2025",912797QF7,10/16/25,382978940.0
usdc_2025-09.pdf,"SEPTEMBER 18, 2025",912797RD1,10/21/25,967982933.0
usdc_2025-09.pdf,"SEPTEMBER 18, 2025",912797QG5,10/23/25,1593932896.0
usdc_2025-09.pdf,"SEPTEMBER 18, 2025",912797RE9,10/28/25,29870162.0
usdc_2025-09.pdf,"SEPTEMBER 18, 2025",912797NA1,10/30/25,2777046253.0
usdc_2025-09.pdf,"SEPTEMBER 18, 2025",912797QP5,11/06/25,1183538196.0
usdc_2025-09.pdf,"SEPTEMBER 18, 2025",912797RN9,11/12/25,994060000.0
usdc_2025-09.pdf,"SEPTEMBER 18, 2025",912797QS9,12/04/25,1785225600.0
usdc_2025-09.pdf,"SEPTEMBER 18, 2025",912797QY6,12/11/25,3171361312.0
usdc_2025-09.pdf,"SEPTEMBER 30, 2025",912797MS3,10/02/25,1430891152.0
usdc_2025-09.pdf,"SEPTEMBER 30, 2025",912797RB5,10/07/25,194691933.0
usdc_2025-09.pdf,"SEPTEMBER 30, 2025",912797QE0,10/09/25,1998194880.0
usdc_2025-09.pdf,"SEPTEMBER 30, 2025",912797RC3,10/14/25,2246717903.0
usdc_2025-09.pdf,"SEPTEMBER 30, 2025",912797QF7,10/16/25,383478144.0
usdc_2025-09.pdf,"SEPTEMBER 30, 2025",912797RD1,10/21/25,969232551.0
usdc_2025-09.pdf,"SEPTEMBER 30, 2025",912797QG5,10/23/25,1596062000.0
usdc_2025-09.pdf,"SEPTEMBER 30, 2025",912797RE9,10/28/25,29908997.0
usdc_2025-09.pdf,"SEPTEMBER 30, 2025",912797NA1,10/30/25,2780698644.0
usdc_2025-09.pdf,"SEPTEMBER 30, 2025",912797QP5,11/06/25,4172980393.0
usdc_2025-09.pdf,"SEPTEMBER 30, 2025",912797RN9,11/12/25,995331820.0
usdc_2025-09.pdf,"SEPTEMBER 30, 2025",912797QS9,12/04/25,1787526792.0
usdc_2025-09.pdf,"SEPTEMBER 30, 2025",912797QY6,12/11/25,3175702208.0
usdc_2025-10.pdf,"OCTOBER 13, 2025",912797RC3,10/14/25,1114729000.0
usdc_2025-10.pdf,"OCTOBER 13, 2025",912797QF7,10/16/25,384042066.0
usdc_2025-10.pdf,"OCTOBER 13, 2025",912797RD1,10/21/25,970653712.0
usdc_2025-10.pdf,"OCTOBER 13, 2025",912797QG5,10/23/25,1598395840.0
usdc_2025-10.pdf,"OCTOBER 13, 2025",912797RE9,10/28/25,179717434.0
usdc_2025-10.pdf,"OCTOBER 13, 2025",912797NA1,10/30/25,2784802956.0
usdc_2025-10.pdf,"OCTOBER 13, 2025",912797RM1,11/04/25,119464475.0
usdc_2025-10.pdf,"OCTOBER 13, 2025",912797QP5,11/06/25,4179087327.0
usdc_2025-10.pdf,"OCTOBER 13, 2025",912797RN9,11/12/25,996762200.0
usdc_2025-10.pdf,"OCTOBER 13, 2025",912797QR1,11/20/25,2105588831.0
usdc_2025-10.pdf,"OCTOBER 13, 2025",912797RR0,12/02/25,1629186348.0
usdc_2025-10.pdf,"OCTOBER 13, 2025",912797QS9,12/04/25,1790006688.0
usdc_2025-10.pdf,"OCTOBER 13, 2025",912797RW9,12/09/25,2426526418.0
usdc_2025-10.pdf,"OCTOBER 13, 2025",912797QY6,12/11/25,2443449052.0
usdc_2025-10.pdf,"OCTOBER 13, 2025",912797RH2,01/08/26,990791590.0
usdc_2025-10.pdf,"OCTOBER 31, 2025",912797QP5,11/06/25,4188504943.0
usdc_2025-10.pdf,"OCTOBER 31, 2025",912797RN9,11/12/25,999040620.0
usdc_2025-10.pdf,"OCTOBER 31, 2025",912797QR1,11/20/25,1755298766.0
usdc_2025-10.pdf,"OCTOBER 31, 2025",912797NL7,11/28/25,1551289959.0
usdc_2025-10.pdf,"OCTOBER 31, 2025",912797RR0,12/02/25,1454419000.0
usdc_2025-10.pdf,"OCTOBER 31, 2025",912797QS9,12/04/25,3531503476.0
usdc_2025-10.pdf,"OCTOBER 31, 2025",912797RW9,12/09/25,2359018079.0
usdc_2025-10.pdf,"OCTOBER 31, 2025",912797QY6,12/11/25,2549091276.0
usdc_2025-10.pdf,"OCTOBER 31, 2025",912797RX7,12/16/25,1638394901.0
usdc_2025-10.pdf,"OCTOBER 31, 2025",912797RY5,12/23/25,1789030657.0
usdc_2025-10.pdf,"OCTOBER 31, 2025",912797NU7,12/26/25,95337011.0
usdc_2025-10.pdf,"OCTOBER 31, 2025",912797RZ2,12/30/25,2571516138.0
usdc_2025-10.pdf,"OCTOBER 31, 2025",912797RH2,01/08/26,501509954.0
usdc_2025-10.pdf,"OCTOBER 31, 2025",912797RJ8,01/15/26,1830401096.0
usdc_2025-10.pdf,"OCTOBER 31, 2025",912797PD3,01/22/26,53717681.0
usdc_2025-11.pdf,"NOVEMBER 3, 2025",912797QP5,11/06/25,4188927027.0
usdc_2025-11.pdf,"NOVEMBER 3, 2025",912797RN9,11/12/25,999141110.0
usdc_2025-11.pdf,"NOVEMBER 3, 2025",912797QR1,11/20/25,1755506237.0
usdc_2025-11.pdf,"NOVEMBER 3, 2025",912797NL7,11/28/25,1551438257.0
usdc_2025-11.pdf,"NOVEMBER 3, 2025",912797RR0,12/02/25,1454538097.0
usdc_2025-11.pdf,"NOVEMBER 3, 2025",912797QS9,12/04/25,3531896893.0
usdc_2025-11.pdf,"NOVEMBER 3, 2025",912797RW9,12/09/25,2359249352.0
usdc_2025-11.pdf,"NOVEMBER 3, 2025",912797QY6,12/11/25,2549358060.0
usdc_2025-11.pdf,"NOVEMBER 3, 2025",912797RX7,12/16/25,1516010023.0
usdc_2025-11.pdf,"NOVEMBER 3, 2025",912797RY5,12/23/25,1789209198.0
usdc_2025-11.pdf,"NOVEMBER 3, 2025",912797NU7,12/26/25,95350903.0
usdc_2025-11.pdf,"NOVEMBER 3, 2025",912797RZ2,12/30/25,2693929874.0
usdc_2025-11.pdf,"NOVEMBER 3, 2025",912797RH2,01/08/26,501556061.0
usdc_2025-11.pdf,"NOVEMBER 3, 2025",912797RJ8,01/15/26,1830556863.0
usdc_2025-11.pdf,"NOVEMBER 3, 2025",912797PD3,01/22/26,53718164.0
usdc_2025-11.pdf,"NOVEMBER 28, 2025",912797RR0,12/02/25,1333829517.0
usdc_2025-11.pdf,"NOVEMBER 28, 2025",912797QS9,12/04/25,2889552819.0
usdc_2025-11.pdf,"NOVEMBER 28, 2025",912797RW9,12/09/25,2552598395.0
usdc_2025-11.pdf,"NOVEMBER 28, 2025",912797QY6,12/11/25,1736514485.0
usdc_2025-11.pdf,"NOVEMBER 28, 2025",912797RX7,12/16/25,1681444035.0
usdc_2025-11.pdf,"NOVEMBER 28, 2025",912797QZ3,12/18/25,2563787319.0
usdc_2025-11.pdf,"NOVEMBER 28, 2025",912797RY5,12/23/25,1940430844.0
usdc_2025-11.pdf,"NOVEMBER 28, 2025",912797NU7,12/26/25,2080533949.0
usdc_2025-11.pdf,"NOVEMBER 28, 2025",912797RZ2,12/30/25,2577321030.0
usdc_2025-11.pdf,"NOVEMBER 28, 2025",912797RA7,01/02/26,541440514.0
usdc_2025-11.pdf,"NOVEMBER 28, 2025",912797SE8,01/06/26,501934397.0
usdc_2025-11.pdf,"NOVEMBER 28, 2025",912797RH2,01/08/26,875978268.0
usdc_2025-11.pdf,"NOVEMBER 28, 2025",912797RJ8,01/15/26,414027.0
usdc_2025-11.pdf,"NOVEMBER 28, 2025",912797SG3,01/20/26,386689072.0
usdc_2025-11.pdf,"NOVEMBER 28, 2025",912797PD3,01/22/26,53874414.0
usdc_2025-11.pdf,"NOVEMBER 28, 2025",912797RL3,02/05/26,1166672449.0
usdc_2025-11.pdf,"NOVEMBER 28, 2025",912797PM3,02/19/26,1632494955.0
usdc_2025-12.pdf,"DECEMBER 26, 2025",912797RZ2,12/30/25,2585144070.0
usdc_2025-12.pdf,"DECEMBER 26, 2025",912797RA7,01/02/26,543065519.0
usdc_2025-12.pdf,"DECEMBER 26, 2025",912797SE8,01/06/26,503456463.0
usdc_2025-12.pdf,"DECEMBER 26, 2025",912797RH2,01/08/26,826998987.0
usdc_2025-12.pdf,"DECEMBER 26, 2025",912797SG3,01/20/26,807097574.0
usdc_2025-12.pdf,"DECEMBER 26, 2025",912797PD3,01/22/26,54458050.0
usdc_2025-12.pdf,"DECEMBER 26, 2025",912797RL3,02/05/26,1170351705.0
usdc_2025-12.pdf,"DECEMBER 26, 2025",912797SQ1,02/10/26,330206214.0
usdc_2025-12.pdf,"DECEMBER 26, 2025",912797SR9,02/17/26,1398265731.0
usdc_2025-12.pdf,"DECEMBER 26, 2025",912797PM3,02/19/26,1583927782.0
usdc_2025-12.pdf,"DECEMBER 26, 2025",912797SS7,02/24/26,2984137308.0
usdc_2025-12.pdf,"DECEMBER 26, 2025",912797RV1,03/05/26,1174620636.0
usdc_2025-12.pdf,"DECEMBER 26, 2025",912797SB4,03/12/26,1268524361.0
usdc_2025-12.pdf,"DECEMBER 26, 2025",912797SC2,03/26/26,2312446247.0
usdc_2025-12.pdf,"DECEMBER 31, 2025",912797RA7,01/02/26,543278000.0
usdc_2025-12.pdf,"DECEMBER 31, 2025",912797SE8,01/06/26,503653578.0
usdc_2025-12.pdf,"DECEMBER 31, 2025",912797RH2,01/08/26,827333804.0
usdc_2025-12.pdf,"DECEMBER 31, 2025",912797SG3,01/20/26,807405667.0
usdc_2025-12.pdf,"DECEMBER 31, 2025",912797PD3,01/22/26,54478243.0
usdc_2025-12.pdf,"DECEMBER 31, 2025",912797RL3,02/05/26,949352160.0
usdc_2025-12.pdf,"DECEMBER 31, 2025",912797SQ1,02/10/26,138269904.0
usdc_2025-12.pdf,"DECEMBER 31, 2025",912797RT6,02/12/26,413303526.0
usdc_2025-12.pdf,"DECEMBER 31, 2025",912797SR9,02/17/26,1398855199.0
usdc_2025-12.pdf,"DECEMBER 31, 2025",912797PM3,02/19/26,1584492771.0
usdc_2025-12.pdf,"DECEMBER 31, 2025",912797SS7,02/24/26,2985190859.0
usdc_2025-12.pdf,"DECEMBER 31, 2025",912797ST5,03/03/26,24156068.0
usdc_2025-12.pdf,"DECEMBER 31, 2025",912797RV1,03/05/26,1175087970.0
usdc_2025-12.pdf,"DECEMBER 31, 2025",912797SB4,03/12/26,1244850568.0
usdc_2025-12.pdf,"DECEMBER 31, 2025",912797SC2,03/26/26,2313556176.0
usdc_2026-01.pdf,"JANUARY 16, 2026",912797SG3,01/20/26,808835000.0
usdc_2026-01.pdf,"JANUARY 16, 2026",912797PD3,01/22/26,54575151.0
usdc_2026-01.pdf,"JANUARY 16, 2026",912797RL3,02/05/26,874949495.0
usdc_2026-01.pdf,"JANUARY 16, 2026",912797RT6,02/12/26,277664711.0
usdc_2026-01.pdf,"JANUARY 16, 2026",912797SR9,02/17/26,1157052065.0
usdc_2026-01.pdf,"JANUARY 16, 2026",912797PM3,02/19/26,1801667947.0
usdc_2026-01.pdf,"JANUARY 16, 2026",912797SS7,02/24/26,2990370149.0
usdc_2026-01.pdf,"JANUARY 16, 2026",912797RU3,02/26/26,697421389.0
usdc_2026-01.pdf,"JANUARY 16, 2026",912797ST5,03/03/26,24198293.0
usdc_2026-01.pdf,"JANUARY 16, 2026",912797RV1,03/05/26,1177106426.0
usdc_2026-01.pdf,"JANUARY 16, 2026",912797SY4,03/10/26,1459537796.0
usdc_2026-01.pdf,"JANUARY 16, 2026",912797SB4,03/12/26,1247026644.0
usdc_2026-01.pdf,"JANUARY 16, 2026",912797SZ1,03/17/26,1093852837.0
usdc_2026-01.pdf,"JANUARY 16, 2026",912797SC2,03/26/26,22951831.0
usdc_2026-01.pdf,"JANUARY 16, 2026",912797SL2,04/09/26,3139516307.0
usdc_2026-01.pdf,"JANUARY 16, 2026",912797QD2,04/16/26,663794280.0
usdc_2026-01.pdf,"JANUARY 30, 2026",912797RL3,02/05/26,876075686.0
usdc_2026-01.pdf,"JANUARY 30, 2026",912797RT6,02/12/26,3296706.0
usdc_2026-01.pdf,"JANUARY 30, 2026",912797SR9,02/17/26,1158552298.0
usdc_2026-01.pdf,"JANUARY 30, 2026",912797PM3,02/19/26,1803986150.0
usdc_2026-01.pdf,"JANUARY 30, 2026",912797SS7,02/24/26,2222966850.0
usdc_2026-01.pdf,"JANUARY 30, 2026",912797RU3,02/26/26,698311446.0
usdc_2026-01.pdf,"JANUARY 30, 2026",912797ST5,03/03/26,24229041.0
usdc_2026-01.pdf,"JANUARY 30, 2026",912797RV1,03/05/26,1301134150.0
usdc_2026-01.pdf,"JANUARY 30, 2026",912797SY4,03/10/26,1461382479.0
usdc_2026-01.pdf,"JANUARY 30, 2026",912797SB4,03/12/26,1248560895.0
usdc_2026-01.pdf,"JANUARY 30, 2026",912797SZ1,03/17/26,1095229597.0
usdc_2026-01.pdf,"JANUARY 30, 2026",912797SL2,04/09/26,3143473829.0
usdc_2026-01.pdf,"JANUARY 30, 2026",912797QD2,04/16/26,664624868.0
usdc_2026-01.pdf,"JANUARY 30, 2026",912797SM0,04/23/26,3107229372.0
usdc_2026-02.pdf,"FEBRUARY 19, 2026",912797SS7,02/24/26,2227026574.0
usdc_2026-02.pdf,"FEBRUARY 19, 2026",912797RU3,02/26/26,699589919.0
usdc_2026-02.pdf,"FEBRUARY 19, 2026",912797ST5,03/03/26,24273344.0
usdc_2026-02.pdf,"FEBRUARY 19, 2026",912797RV1,03/05/26,653144662.0
usdc_2026-02.pdf,"FEBRUARY 19, 2026",912797SY4,03/10/26,1464071395.0
usdc_2026-02.pdf,"FEBRUARY 19, 2026",912797SB4,03/12/26,1250877536.0
usdc_2026-02.pdf,"FEBRUARY 19, 2026",912797SZ1,03/17/26,1097234721.0
usdc_2026-02.pdf,"FEBRUARY 19, 2026",912797SC2,03/26/26,303263852.0
usdc_2026-02.pdf,"FEBRUARY 19, 2026",912797TG2,04/07/26,45305428.0
usdc_2026-02.pdf,"FEBRUARY 19, 2026",912797SL2,04/09/26,3149091771.0
usdc_2026-02.pdf,"FEBRUARY 19, 2026",912797TH0,04/14/26,1243328988.0
usdc_2026-02.pdf,"FEBRUARY 19, 2026",912797QD2,04/16/26,665805371.0
usdc_2026-02.pdf,"FEBRUARY 19, 2026",912797TJ6,04/21/26,2175010012.0
usdc_2026-02.pdf,"FEBRUARY 19, 2026",912797SM0,04/23/26,3112606812.0
usdc_2026-02.pdf,"FEBRUARY 19, 2026",912797QN0,05/14/26,1586722304.0
usdc_2026-02.pdf,"FEBRUARY 19, 2026",912797SV0,05/21/26,2651188859.0
usdc_2026-02.pdf,"FEBRUARY 27, 2026",912797ST5,03/03/26,24297565.0
usdc_2026-02.pdf,"FEBRUARY 27, 2026",912797RV1,03/05/26,653786077.0
usdc_2026-02.pdf,"FEBRUARY 27, 2026",912797SY4,03/10/26,1465517942.0
usdc_2026-02.pdf,"FEBRUARY 27, 2026",912797SB4,03/12/26,1252105838.0
usdc_2026-02.pdf,"FEBRUARY 27, 2026",912797SZ1,03/17/26,1098338461.0
usdc_2026-02.pdf,"FEBRUARY 27, 2026",912797SC2,03/26/26,225053822.0
usdc_2026-02.pdf,"FEBRUARY 27, 2026",912797TG2,04/07/26,45349837.0
usdc_2026-02.pdf,"FEBRUARY 27, 2026",912797SL2,04/09/26,3152171619.0
usdc_2026-02.pdf,"FEBRUARY 27, 2026",912797TH0,04/14/26,1244580213.0
usdc_2026-02.pdf,"FEBRUARY 27, 2026",912797QD2,04/16/26,666468839.0
usdc_2026-02.pdf,"FEBRUARY 27, 2026",912797TJ6,04/21/26,2177198212.0
usdc_2026-02.pdf,"FEBRUARY 27, 2026",912797SM0,04/23/26,3115767852.0
usdc_2026-02.pdf,"FEBRUARY 27, 2026",912797TK3,04/28/26,1072504443.0
usdc_2026-02.pdf,"FEBRUARY 27, 2026",912797QN0,05/14/26,1588352448.0
usdc_2026-02.pdf,"FEBRUARY 27, 2026",912797SV0,05/21/26,2653985778.0
